TESTNAME,PATH,KEY,VALUE
test1 : 2.3.1.2 (L1) Ensure 'Accounts: Block Microsoft accounts' is set to 'Users can't add or log on with Microsoft accounts' (Scored),HKLM:\SOFTWARE\Microsoft\Windows\CurrentVersion\Policies\System,NoConnectedUser,3
test2: 2.3.1.4 (L1) Ensure 'Accounts: Limit local account use of blank passwords to console logon only' is set to 'Enabled' (Scored),HKLM:\SYSTEM\CurrentControlSet\Control\Lsa,LimitBlankPasswordUse,1
test3: 2.3.2.1 (L1) Ensure 'Audit: Force audit policy subcategory settings (Windows Vista or later) to override audit policy category settings' is set to 'Enabled' (Scored),HKLM:\SYSTEM\CurrentControlSet\Control\Lsa,SCENoApplyLegacyAuditPolicy,1
test4: 2.3.2.2 (L1) Ensure 'Audit: Shut down system immediately if unable to log security audits' is set to 'Disabled' (Scored),HKLM:\SYSTEM\CurrentControlSet\Control\Lsa,CrashOnAuditFail,0
test5: 2.3.4.1 (L1) Ensure 'Devices: Allowed to format and eject removable media' is set to 'Administrators' (Scored),HKLM:\SOFTWARE\Microsoft\Windows NT\CurrentVersion\Winlogon,AllocateDASD,0
test6: 2.3.4.2 (L1) Ensure 'Devices: Prevent users from installing printer drivers' is set to 'Enabled' (Scored),HKLM:\SYSTEM\CurrentControlSet\Control\Print\Providers\LanMan Print Services\Servers,AddPrinterDrivers,1
test7: 2.3.5.1 (L1) Ensure 'Domain controller: Allow server operators to schedule tasks' is set to 'Disabled' (DC only) (Scored),HKLM:\SYSTEM\CurrentControlSet\Control\Lsa,SubmitControl,
test8: 2.3.5.2 (L1) Ensure 'Domain controller: LDAP server signing requirements' is set to 'Require signing' (DC only) (Scored),HKLM:\SYSTEM\CurrentControlSet\Services\NTDS\Parameters,LDAPServerIntegrity,
test9: 2.3.5.3 (L1) Ensure 'Domain controller: Refuse machine account password changes' is set to 'Disabled' (DC only) (Scored),HKLM:\SYSTEM\CurrentControlSet\Services\Netlogon\Parameters,RefusePasswordChange,
test10: 2.3.6.1 (L1) Ensure 'Domain member: Digitally encrypt or sign secure channel data (always)' is set to 'Enabled' (Scored),HKLM:\SYSTEM\CurrentControlSet\Services\Netlogon\Parameters,RequireSignOrSeal,1
test11: 2.3.6.2 (L1) Ensure 'Domain member: Digitally encrypt secure channel data (when possible)' is set to 'Enabled' (Scored),HKLM:\SYSTEM\CurrentControlSet\Services\Netlogon\Parameters,SealSecureChannel,1
test12: 2.3.6.3 (L1) Ensure 'Domain member: Digitally sign secure channel data (when possible)' is set to 'Enabled' (Scored),HKLM:\SYSTEM\CurrentControlSet\Services\Netlogon\Parameters,SignSecureChannel,1
test13: 2.3.6.4 (L1) Ensure 'Domain member: Disable machine account password changes' is set to 'Disabled' (Scored),HKLM:\SYSTEM\CurrentControlSet\Services\Netlogon\Parameters,DisablePasswordChange,0
test14: 2.3.6.6 (L1) Ensure 'Domain member: Require strong (Windows 2000 or later) session key' is set to 'Enabled' (Scored),HKLM:\SYSTEM\CurrentControlSet\Services\Netlogon\Parameters,RequireStrongKey,1
test15: 2.3.7.1 (L1) Ensure 'Interactive logon: Do not display last user name' is set to 'Enabled' (Scored),HKLM:\SOFTWARE\Microsoft\Windows\CurrentVersion\Policies\System,DontDisplayLastUserName,1
test16: 2.3.7.2 (L1) Ensure 'Interactive logon: Do not require CTRL+ALT+DEL' is set to 'Disabled' (Scored),HKLM:\SOFTWARE\Microsoft\Windows\CurrentVersion\Policies\System,DisableCAD,0
test17: 2.3.7.3 (L1) Ensure 'Interactive logon: Machine inactivity limit' is set to '900 or fewer second(s), but not 0' (Scored)",HKLM:\SOFTWARE\Microsoft\Windows\CurrentVersion\Policies\System,InactivityTimeoutSecs,384
test18: 2.3.7.4 (L1) Configure 'Interactive logon: Message text for users attempting to log on' (Scored),HKLM:\SOFTWARE\Microsoft\Windows\CurrentVersion\Policies\System,LegalNoticeText,DLG-TEST - Logon Mesage TBC
test19: 2.3.7.5 (L1) Configure 'Interactive logon: Message title for users attempting to log on' (Scored),HKLM:\SOFTWARE\Microsoft\Windows\CurrentVersion\Policies\System,LegalNoticeCaption,DLG-TEST - Logon Title TBC
test20: 2.3.7.6 (L2) Ensure 'Interactive logon: Number of previous logons to cache (in case domain controller is not available)' is set to '4 or fewer logon(s)' (MS only) (Scored),HKLM:\SOFTWARE\Microsoft\Windows NT\CurrentVersion\Winlogon,CachedLogonsCount,
TEST21: 2.3.7.7 (L1) Ensure 'Interactive logon: Prompt user to change password before expiration' is set to 'between 5 and 14 days' (Scored),HKLM:\SOFTWARE\Microsoft\Windows NT\CurrentVersion\Winlogon,PasswordExpiryWarning,
TEST22: 2.3.7.8 (L1) Ensure 'Interactive logon: Require Domain Controller Authentication to unlock workstation' is set to 'Enabled' (MS only) (Scored),HKLM:\MACHINE\SOFTWARE\Microsoft\Windows NT\CurrentVersion\Winlogon,ForceUnlockLogon,1
TEST23: 2.3.7.9 (L1) Ensure 'Interactive logon: Smart card removal behavior' is set to 'Lock Workstation' or higher (Scored),HKLM:\SOFTWARE\Microsoft\Windows NT\CurrentVersion\Winlogon,ScRemoveOption,
TEST24: 2.3.8 Microsoft network client,HKLM:\MACHINE\SYSTEM\CurrentControlSet\Services\LanmanWorkstation\Parameters,RequireSecuritySignature,
TEST25: 2.3.8.2 (L1) Ensure 'Microsoft network client: Digitally sign communications (if server agrees)' is set to 'Enabled' (Scored),HKLM:\SYSTEM\CurrentControlSet\Services\LanmanWorkstation\Parameters,EnableSecuritySignature,
TEST26: 2.3.8.3 (L1) Ensure 'Microsoft network client: Send unencrypted password to third-party SMB servers' is set to 'Disabled' (Scored),HKLM:\SYSTEM\CurrentControlSet\Services\LanmanWorkstation\Parameters,EnablePlainTextPassword,
TEST27: 2.3.9.1 (L1) Ensure 'Microsoft network server: Amount of idle time required before suspending session' is set to '15 or fewer minute(s), but not 0' (Scored)",HKLM:\SYSTEM\CurrentControlSet\Services\LanManServer\Parameters,AutoDisconnect,
test28: 2.3.9.2 (L1) Ensure 'Microsoft network server: Digitally sign communications (always)' is set to 'Enabled' (Scored),HKLM:\SYSTEM\CurrentControlSet\Services\LanManServer\Parameters,RequireSecuritySignature,
TEST29: 2.3.9.3 (L1) Ensure 'Microsoft network server: Digitally sign communications (if client agrees)' is set to 'Enabled' (Scored),HKLM:\SYSTEM\CurrentControlSet\Services\LanManServer\Parameters,EnableSecuritySignature,
TEST30: 2.3.9.4 (L1) Ensure 'Microsoft network server: Disconnect clients when logon hours expire' is set to 'Enabled' (Scored),HKLM:\SYSTEM\CurrentControlSet\Services\LanManServer\Parameters,EnableForcedLogoff,
TEST31: 2.3.9.5 (L1) Ensure 'Microsoft network server: Server SPN target name validation level' is set to 'Accept if provided by client' or higher (MS only) (Scored),HKLM:\MACHINE\SYSTEM\CurrentControlSet\Services\LanManServer\Parameters,SMBServerNameHardeningLevel,
TEST32: 2.3.10.2 (L1) Ensure 'Network access: Do not allow anonymous enumeration of SAM accounts' is set to 'Enabled' (MS only) (Scored),HKLM:\SYSTEM\CurrentControlSet\Control\Lsa,RestrictAnonymousSAM,
TEST33: 2.3.10.3 (L1) Ensure 'Network access: Do not allow anonymous enumeration of SAM accounts and shares' is set to 'Enabled' (MS only) (Scored),HKLM:\SYSTEM\CurrentControlSet\Control\Lsa,RestrictAnonymous,
TEST34: 2.3.10.4 (L2) Ensure 'Network access: Do not allow storage of passwords and credentials for network authentication' is set to 'Enabled' (Scored),HKLM:\SYSTEM\CurrentControlSet\Control\Lsa,DisableDomainCreds,
TEST35: 2.3.10.5 (L1) Ensure 'Network access: Let Everyone permissions apply to anonymous users' is set to 'Disabled' (Scored),HKLM:\SYSTEM\CurrentControlSet\Control\Lsa,EveryoneIncludesAnonymous,
TEST36: 2.3.10.6 (L1) Configure 'Network access: Named Pipes that can be accessed anonymously' (Scored),HKLM:\SYSTEM\CurrentControlSet\Services\LanManServer\Parameters,NullSessionPipes,
TEST37: 2.3.10.7 (L1) Configure 'Network access: Remotely accessible registry paths' (Scored),HKLM:\SYSTEM\CurrentControlSet\Control\SecurePipeServers\Winreg\AllowedExactPaths:,Machine,
TEST38: 2.3.10.8 (L1) Configure 'Network access: Remotely accessible registry paths and sub-paths' (Scored),HKLM:\SYSTEM\CurrentControlSet\Control\SecurePipeServers\Winreg\AllowedPaths,Machine,
TEST39: 2.3.10.9 (L1) Ensure 'Network access: Restrict anonymous access to Named Pipes and Shares' is set to 'Enabled' (Scored),HKLM:\MACHINE\SYSTEM\CurrentControlSet\Services\LanManServer\Parameters,RestrictNullSessAccess,
TEST40: 2.3.10.10 (L1) Ensure 'Network access: Shares that can be accessed anonymously' is set to 'None' (Scored),HKLM:\SYSTEM\CurrentControlSet\Services\LanManServer\Parameters,NullSessionShares,
TEST41: 2.3.10.11 (L1) Ensure 'Network access: Sharing and security model for local accounts' is set to 'Classic - local users authenticate as themselves' (Scored),HKLM:\SYSTEM\CurrentControlSet\Control\Lsa,ForceGuest,
TEST42: 2.3.11.1 (L1) Ensure 'Network security: Allow Local System to use computer identity for NTLM' is set to 'Enabled' (Scored),HKLM:\SYSTEM\CurrentControlSet\Control\Lsa,UseMachineId,
TEST43: 2.3.11.2 (L1) Ensure 'Network security: Allow LocalSystem NULL session fallback' is set to 'Disabled' (Scored),HKLM:\SYSTEM\CurrentControlSet\Control\Lsa\MSV1_0,AllowNullSessionFallback,
TEST44: 2.3.11.3 (L1) Ensure 'Network Security: Allow PKU2U authentication requests to this computer to use online identities' is set to 'Disabled' (Scored),HKLM:\SYSTEM\CurrentControlSet\Control\Lsa\pku2u,AllowOnlineID,
TEST45: 2.3.11.4 (L1) Ensure 'Network Security: Configure encryption types allowed for Kerberos' is set to 'RC4_HMAC_MD5, AES128_HMAC_SHA1, AES256_HMAC_SHA1, Future encryption types' (Scored)",HKLM:\MACHINE\SOFTWARE\Microsoft\Windows\CurrentVersion\Policies\System\Kerberos\Parameters,SupportedEncryptionTypes,
TEST46: 2.3.11.5 (L1) Ensure 'Network security: Do not store LAN Manager hash value on next password change' is set to 'Enabled' (Scored),HKLM:\SYSTEM\CurrentControlSet\Control\Lsa,NoLMHash,
TEST47: 2.3.11.6 (L1) Ensure 'Network security: Force logoff when logon hours expire' is set to 'Enabled' (Scored),HKLM:\SYSTEM\CurrentControlSet\Services\LanManServer\Parameters,EnableForcedLogOff,
TEST48: 2.3.11.7 (L1) Ensure 'Network security: LAN Manager authentication level' is set to 'Send NTLMv2 response only. Refuse LM & NTLM' (Scored),HKLM:\SYSTEM\CurrentControlSet\Control\Lsa,LmCompatibilityLevel,
TEST49: 2.3.11.8 (L1) Ensure 'Network security: LDAP client signing requirements' is set to 'Negotiate signing' or higher (Scored),HKLM:\SYSTEM\CurrentControlSet\Services\LDAP,LDAPClientIntegrity,
TEST50: 2.3.11.9 (L1) Ensure 'Network security: Minimum session security for NTLM SSP based (including secure RPC) clients' is set to 'Require NTLMv2 session security, Require 128-bit encryption' (Scored)",HKLM:\SYSTEM\CurrentControlSet\Control\Lsa\MSV1_0,NTLMMinClientSec,
TEST51: 2.3.11.10 (L1) Ensure 'Network security: Minimum session security for NTLM SSP based (including secure RPC) servers' is set to 'Require NTLMv2 session security, Require 128-bit encryption' (Scored)",HKLM:\SYSTEM\CurrentControlSet\Control\Lsa\MSV1_0,NTLMMinServerSec,
TEST52: 2.3.13.1 (L1) Ensure 'Shutdown: Allow system to be shut down without having to log on' is set to 'Disabled' (Scored),HKLM:\SOFTWARE\Microsoft\Windows\CurrentVersion\Policies\System,ShutdownWithoutLogon,
TEST53: 2.3.15.1 (L1) Ensure 'System objects: Require case insensitivity for non-Windows subsystems' is set to 'Enabled' (Scored),HKLM\SYSTEM\CurrentControlSet\Control\Session Manager\Kernel,ObCaseInsensitive,
TEST54: 2.3.15.2 (L1) Ensure 'System objects: Strengthen default permissions of internal system objects (e.g. Symbolic Links)' is set to 'Enabled' (Scored),HKLM:SYSTEM\CurrentControlSet\Control\Session Manager,ProtectionMode,
TEST55: 2.3.17.1 (L1) Ensure 'User Account Control: Admin Approval Mode for the Built-in Administrator account' is set to 'Enabled' (Scored),HKLM:\SOFTWARE\Microsoft\Windows\CurrentVersion\Policies\System,FilterAdministratorToken,
TEST56: 2.3.17.2 (L1) Ensure 'User Account Control: Allow UIAccess applications to prompt for elevation without using the secure desktop' is set to 'Disabled' (Scored),HKLM:\SOFTWARE\Microsoft\Windows\CurrentVersion\Policies\System,EnableUIADesktopToggle,
TEST57: 2.3.17.3 (L1) Ensure 'User Account Control: Behavior of the elevation prompt for administrators in Admin Approval Mode' is set to 'Prompt for consent on the secure desktop' (Scored),HKLM:\SOFTWARE\Microsoft\Windows\CurrentVersion\Policies\System,ConsentPromptBehaviorAdmin,
TEST58: 2.3.17.4 (L1) Ensure 'User Account Control: Behavior of the elevation prompt for standard users' is set to 'Automatically deny elevation requests' (Scored),HKLM:\SOFTWARE\Microsoft\Windows\CurrentVersion\Policies\System,ConsentPromptBehaviorUser,
TEST59: 2.3.17.5 (L1) Ensure 'User Account Control: Detect application installations and prompt for elevation' is set to 'Enabled' (Scored),HKLM:\SOFTWARE\Microsoft\Windows\CurrentVersion\Policies\System,EnableInstallerDetection,
TEST60: 2.3.17.6 (L1) Ensure 'User Account Control: Only elevate UIAccess applications that are installed in secure locations' is set to 'Enabled' (Scored),HKLM:\SOFTWARE\Microsoft\Windows\CurrentVersion\Policies\System,EnableSecureUIAPaths,
TEST61: 2.3.17.7 (L1) Ensure 'User Account Control: Run all administrators in Admin Approval Mode' is set to 'Enabled' (Scored),HKLM:\SOFTWARE\Microsoft\Windows\CurrentVersion\Policies\System,EnableLUA,
TEST62: 2.3.17.8 (L1) Ensure 'User Account Control: Switch to the secure desktop when prompting for elevation' is set to 'Enabled' (Scored),HKLM:\SOFTWARE\Microsoft\Windows\CurrentVersion\Policies\System,PromptOnSecureDesktop,
TEST63: 2.3.17.9 (L1) Ensure 'User Account Control: Virtualize file and registry write failures to per-user locations' is set to 'Enabled' (Scored),HKLM:\SOFTWARE\Microsoft\Windows\CurrentVersion\Policies\System,EnableVirtualization,
TEST64: 9.1.1 (L1) Ensure 'Windows Firewall: Domain: Firewall state' is set to 'On (recommended)' (Scored),HKLM:\SOFTWARE\Policies\Microsoft\WindowsFirewall\DomainProfile,EnableFirewall,
TEST65: 9.1.2 (L1) Ensure 'Windows Firewall: Domain: Inbound connections' is set to 'Block (default)' (Scored),HKLM:\SOFTWARE\Policies\Microsoft\WindowsFirewall\DomainProfile,DefaultInboundAction,
TEST66: 9.1.3 (L1) Ensure 'Windows Firewall: Domain: Outbound connections' is set to 'Allow (default)' (Scored),HKLM:\SOFTWARE\Policies\Microsoft\WindowsFirewall\DomainProfile,DefaultOutboundAction,
TEST67: 9.1.4 (L1) Ensure 'Windows Firewall: Domain: Settings: Display a notification' is set to 'No' (Scored),HKLM:\SOFTWARE\Policies\Microsoft\WindowsFirewall\DomainProfile,DisableNotifications,
TEST68: 9.1.5 (L1) Ensure 'Windows Firewall: Domain: Settings: Apply local firewall rules' is set to 'Yes (default)' (Scored),HKLM:\SOFTWARE\Policies\Microsoft\WindowsFirewall\DomainProfile,AllowLocalPolicyMerge,
TEST69: 9.1.6 (L1) Ensure 'Windows Firewall: Domain: Settings: Apply local connection security rules' is set to 'Yes (default)' (Scored),HKLM:\SOFTWARE\Policies\Microsoft\WindowsFirewall\DomainProfile,AllowLocalIPsecPolicyMerge,
TEST70: 9.1.7 (L1) Ensure 'Windows Firewall: Domain: Logging: Name' is set to '%SYSTEMROOT%\System32\logfiles\firewall\domainfw.log' (Scored),HKLM:\SOFTWARE\Policies\Microsoft\WindowsFirewall\DomainProfile\Logging,LogFilePath,
TEST71: 9.1.8 (L1) Ensure 'Windows Firewall: Domain: Logging: Size limit (KB)' is set to '16,384 KB or greater' (Scored)",HKLM:\SOFTWARE\Policies\Microsoft\WindowsFirewall\DomainProfile\Logging,LogFileSize,
TEST72: 9.1.9 (L1) Ensure 'Windows Firewall: Domain: Logging: Log dropped packets' is set to 'Yes' (Scored),HKLM:\SOFTWARE\Policies\Microsoft\WindowsFirewall\DomainProfile\Logging,LogDroppedPackets,
TEST73: 9.1.10 (L1) Ensure 'Windows Firewall: Domain: Logging: Log successful connections' is set to 'Yes' (Scored),HKLM:\SOFTWARE\Policies\Microsoft\WindowsFirewall\DomainProfile\Logging,LogSuccessfulConnections,
TEST74: 9.2.1 (L1) Ensure 'Windows Firewall: Private: Firewall state' is set to 'On (recommended)' (Scored),HKLM:\SOFTWARE\Policies\Microsoft\WindowsFirewall\PrivateProfile,EnableFirewall,
TEST75: 9.2.2 (L1) Ensure 'Windows Firewall: Private: Inbound connections' is set to 'Block (default)' (Scored),HKLM:\SOFTWARE\Policies\Microsoft\WindowsFirewall\PrivateProfile,DefaultInboundAction,
TEST76: 9.2.3 (L1) Ensure 'Windows Firewall: Private: Outbound connections' is set to 'Allow (default)' (Scored),HKLM:\SOFTWARE\Policies\Microsoft\WindowsFirewall\PrivateProfile,DefaultOutboundAction,
TEST77: 9.2.4 (L1) Ensure 'Windows Firewall: Private: Settings: Display a notification' is set to 'No' (Scored),HKLM:\SOFTWARE\Policies\Microsoft\WindowsFirewall\PrivateProfile,DisableNotifications,
TEST78: 9.2.5 (L1) Ensure 'Windows Firewall: Private: Settings: Apply local firewall rules' is set to 'Yes (default)' (Scored),HKLM:\SOFTWARE\Policies\Microsoft\WindowsFirewall\PrivateProfile,AllowLocalPolicyMerge,
TEST79: 9.2.6 (L1) Ensure 'Windows Firewall: Private: Settings: Apply local connection security rules' is set to 'Yes (default)' (Scored),HKLM:\SOFTWARE\Policies\Microsoft\WindowsFirewall\PrivateProfile,AllowLocalIPsecPolicyMerge,
TEST80: 9.2.7 (L1) Ensure 'Windows Firewall: Private: Logging: Name' is set to '%SYSTEMROOT%\System32\logfiles\firewall\privatefw.log' (Scored),HKLM:\SOFTWARE\Policies\Microsoft\WindowsFirewall\PrivateProfile\Logging,LogFilePath,
TEST81: 9.2.8 (L1) Ensure 'Windows Firewall: Private: Logging: Size limit (KB)' is set to '16,384 KB or greater' (Scored)",HKLM:\SOFTWARE\Policies\Microsoft\WindowsFirewall\PrivateProfile\Logging,LogFileSize,
TEST82: 9.2.9 (L1) Ensure 'Windows Firewall: Private: Logging: Log dropped packets' is set to 'Yes' (Scored),HKLM:\SOFTWARE\Policies\Microsoft\WindowsFirewall\PrivateProfile\Logging,LogDroppedPackets,
TEST83: 9.2.10 (L1) Ensure 'Windows Firewall: Private: Logging: Log successful connections' is set to 'Yes' (Scored),HKLM:\SOFTWARE\Policies\Microsoft\WindowsFirewall\PrivateProfile\Logging,LogSuccessfulConnections,
TEST84: 9.3.1 (L1) Ensure 'Windows Firewall: Public: Firewall state' is set to 'On (recommended)' (Scored),HKLM:\SOFTWARE\Policies\Microsoft\WindowsFirewall\PublicProfile,EnableFirewall,
TEST85: 9.3.2 (L1) Ensure 'Windows Firewall: Public: Inbound connections' is set to 'Block (default)' (Scored),HKLM:\SOFTWARE\Policies\Microsoft\WindowsFirewall\PublicProfile,DefaultInboundAction,
TEST86: 9.3.3 (L1) Ensure 'Windows Firewall: Public: Outbound connections' is set to 'Allow (default)' (Scored),HKLM:\SOFTWARE\Policies\Microsoft\WindowsFirewall\PublicProfile,DefaultOutboundAction,
TEST87: 9.3.4 (L1) Ensure 'Windows Firewall: Public: Settings: Display a notification' is set to 'Yes' (Scored),HKLM:\SOFTWARE\Policies\Microsoft\WindowsFirewall\PublicProfile,DisableNotifications,
TEST88: 9.3.5 (L1) Ensure 'Windows Firewall: Public: Settings: Apply local firewall rules' is set to 'No' (Scored),HKLM:\SOFTWARE\Policies\Microsoft\WindowsFirewall\PublicProfile,AllowLocalPolicyMerge,
TEST89: 9.3.6 (L1) Ensure 'Windows Firewall: Public: Settings: Apply local connection security rules' is set to 'No' (Scored),HKLM:\SOFTWARE\Policies\Microsoft\WindowsFirewall\PublicProfile,AllowLocalIPsecPolicyMerge,
TEST90: 9.3.7 (L1) Ensure 'Windows Firewall: Public: Logging: Name' is set to '%SYSTEMROOT%\System32\logfiles\firewall\publicfw.log' (Scored),HKLM:\SOFTWARE\Policies\Microsoft\WindowsFirewall\PublicProfile\Logging,LogFilePath,
TEST91: 9.3.8 (L1) Ensure 'Windows Firewall: Public: Logging: Size limit (KB)' is set to '16,384 KB or greater' (Scored)",HKLM:\SOFTWARE\Policies\Microsoft\WindowsFirewall\PublicProfile\Logging,LogFileSize,
TEST92: 9.3.9 (L1) Ensure 'Windows Firewall: Public: Logging: Log dropped packets' is set to 'Yes' (Scored),HKLM:\SOFTWARE\Policies\Microsoft\WindowsFirewall\PublicProfile\Logging,LogDroppedPackets,
TEST93: 9.3.10 (L1) Ensure 'Windows Firewall: Public: Logging: Log successful connections' is set to 'Yes' (Scored),HKLM:\SOFTWARE\Policies\Microsoft\WindowsFirewall\PublicProfile\Logging,LogSuccessfulConnections,
TEST94: 18.1.1.1 (L1) Ensure 'Prevent enabling lock screen camera' is set to 'Enabled' (Scored),HKLM:\SOFTWARE\Policies\Microsoft\Windows\Personalization,NoLockScreenCamera,
TEST95: 18.1.1.2 (L1) Ensure 'Prevent enabling lock screen slide show' is set to 'Enabled' (Scored),HKLM:\SOFTWARE\Policies\Microsoft\Windows\Personalization,NoLockScreenSlideshow,
TEST96: 18.2.1 (L1) Ensure LAPS AdmPwd GPO Extension / CSE is installed (MS only) (Scored),HKLM:\SOFTWARE\Microsoft\Windows NT\CurrentVersion\Winlogon\GPExtensions\{D76B9641-3288-4f75-942D-087DE603E3EA},DllName,
TEST97: 18.2.2 (L1) Ensure 'Do not allow password expiration time longer than required by policy' is set to 'Enabled' (MS only) (Scored),HKLM:\SOFTWARE\Policies\Microsoft Services\AdmPwd,PwdExpirationProtectionEnabled,
TEST98: 18.2.3 (L1) Ensure 'Enable Local Admin Password Management' is set to 'Enabled' (MS only) (Scored),HKLM:\SOFTWARE\Policies\Microsoft Services\AdmPwd,AdmPwdEnabled,
TEST99: 18.2.4 (L1) Ensure 'Password Settings: Password Complexity' is set to 'Enabled: Large letters + small letters + numbers + special characters' (MS only) (Scored),HKLM:\SOFTWARE\Policies\Microsoft Services\AdmPwd,PasswordComplexity,
TEST100: 18.2.5 (L1) Ensure 'Password Settings: Password Length' is set to 'Enabled: 15 or more' (MS only) (Scored),HKLM:\SOFTWARE\Policies\Microsoft Services\AdmPwd,PasswordLength,
TEST101: 18.2.6 (L1) Ensure 'Password Settings: Password Age (Days)' is set to 'Enabled: 30 or fewer' (MS only) (Scored),HKLM:\SOFTWARE\Policies\Microsoft Services\AdmPwd,PasswordAgeDays,
TEST102: 18.3.1 (L1) Ensure 'MSS: (AutoAdminLogon) Enable Automatic Logon (not recommended)' is set to 'Disabled' (Scored),HKLM:\SOFTWARE\Microsoft\Windows NT\CurrentVersion\Winlogon,AutoAdminLogon,
TEST103: 18.3.2 (L1) Ensure 'MSS: (DisableIPSourceRouting IPv6) IP source routing protection level (protects against packet spoofing)' is set to 'Enabled: Highest protection, source routing is completely disabled' (Scored)",HKLM:\SYSTEM\CurrentControlSet\Services\Tcpip6\Parameters,DisableIPSourceRouting,
TEST104: 18.3.3 (L1) Ensure 'MSS: (DisableIPSourceRouting) IP source routing protection level (protects against packet spoofing)' is set to 'Enabled: Highest protection, source routing is completely disabled' (Scored)",HKLM:\SYSTEM\CurrentControlSet\Services\Tcpip\Parameters,DisableIPSourceRouting,
TEST105: 18.3.4 (L1) Ensure 'MSS: (EnableICMPRedirect) Allow ICMP redirects to override OSPF generated routes' is set to 'Disabled' (Scored),HKLM:\SYSTEM\CurrentControlSet\Services\Tcpip\Parameters,EnableICMPRedirect,
TEST106: 18.3.5 (L2) Ensure 'MSS: (KeepAliveTime) How often keep-alive packets are sent in milliseconds' is set to 'Enabled: 300,000 or 5 minutes (recommended)' (Scored)",HKLM:\SYSTEM\CurrentControlSet\Services\Tcpip\Parameters,KeepAliveTime,
TEST107: 18.3.6 (L1) Ensure 'MSS: (NoNameReleaseOnDemand) Allow the computer to ignore NetBIOS name release requests except from WINS servers' is set to 'Enabled' (Scored),HKLM:\SYSTEM\CurrentControlSet\Services\NetBT\Parameters,NoNameReleaseOnDemand,
TEST108: 18.3.7 (L2) Ensure 'MSS: (PerformRouterDiscovery) Allow IRDP to detect and configure Default Gateway addresses (could lead to DoS)' is set to 'Disabled' (Scored),HKLM:\SYSTEM\CurrentControlSet\Services\Tcpip\Parameters,PerformRouterDiscovery,
TEST109: 18.3.8 (L1) Ensure 'MSS: (SafeDllSearchMode) Enable Safe DLL search mode (recommended)' is set to 'Enabled' (Scored),HKLM:\SYSTEM\CurrentControlSet\Control\Session Manager,SafeDllSearchMode,
TEST110: 18.3.9 (L1) Ensure 'MSS: (ScreenSaverGracePeriod) The time in seconds before the screen saver grace period expires (0 recommended)' is set to 'Enabled: 5 or fewer seconds' (Scored),HKLM:\SOFTWARE\Microsoft\Windows NT\CurrentVersion\Winlogon,ScreenSaverGracePeriod,
TEST111: 18.3.10 (L2) Ensure 'MSS: (TcpMaxDataRetransmissions IPv6) How many times unacknowledged data is retransmitted' is set to 'Enabled: 3' (Scored),HKLM:\SYSTEM\CurrentControlSet\Services\TCPIP6\Parameters,TcpMaxDataRetransmissions,
TEST112: 18.3.11 (L2) Ensure 'MSS: (TcpMaxDataRetransmissions) How many times unacknowledged data is retransmitted' is set to 'Enabled: 3' (Scored),HKLM:\SYSTEM\CurrentControlSet\Services\Tcpip\Parameters,TcpMaxDataRetransmissions,
TEST113: 18.3.12 (L1) Ensure 'MSS: (WarningLevel) Percentage threshold for the security event log at which the system will generate a warning' is set to 'Enabled: 90% or less' (Scored),HKLM:\SYSTEM\CurrentControlSet\Services\Eventlog\Security,WarningLevel,
TEST114: KEY1 18.4.9.1 (L2) Ensure 'Turn on Mapper I/O (LLTDIO) driver' is set to 'Disabled' (Scored) -DOMAIN,HKLM:\SOFTWARE\Policies\Microsoft\Windows\LLTD,AllowLLTDIOOnDomain,
TEST115: KEY2 18.4.9.1 (L2) Ensure 'Turn on Mapper I/O (LLTDIO) driver' is set to 'Disabled' (Scored) - PUBLIC,HKLM:\SOFTWARE\Policies\Microsoft\Windows\LLTD,AllowLLTDIOOnPublicNet,
TEST116: KEY3 18.4.9.1 (L2) Ensure 'Turn on Mapper I/O (LLTDIO) driver' is set to 'Disabled' (Scored),HKLM\SOFTWARE\Policies\Microsoft\Windows\LLTD,EnableLLTDIO,
TEST117: KEY4 18.4.9.1 (L2) Ensure 'Turn on Mapper I/O (LLTDIO) driver' is set to 'Disabled' (Scored),HKLM:\SOFTWARE\Policies\Microsoft\Windows\LLTD,ProhibitLLTDIOOnPrivateNet,
TEST118: KEY1 18.4.9.2 (L2) Ensure 'Turn on Responder (RSPNDR) driver' is set to 'Disabled' (Scored) - DOMAIN,HKLM:\SOFTWARE\Policies\Microsoft\Windows\LLTD,AllowRspndrOnDomain,
TEST119: KEY2 18.4.9.2 (L2) Ensure 'Turn on Responder (RSPNDR) driver' is set to 'Disabled' (Scored) - PUBLIC,HKLM:\SOFTWARE\Policies\Microsoft\Windows\LLTD,AllowRspndrOnPublicNet,
TEST120: KEY3 18.4.9.2 (L2) Ensure 'Turn on Responder (RSPNDR) driver' is set to 'Disabled' (Scored),HKLM:\SOFTWARE\Policies\Microsoft\Windows\LLTD,EnableRspndr,
TEST121: KEY4 18.4.9.2 (L2) Ensure 'Turn on Responder (RSPNDR) driver' is set to 'Disabled' (Scored),HKLM:\SOFTWARE\Policies\Microsoft\Windows\LLTD,ProhibitRspndrOnPrivateNet,
TEST122: 18.4.10.2 (L2) Ensure 'Turn off Microsoft Peer-to-Peer Networking Services' is set to 'Enabled' (Scored),HKLM:\SOFTWARE\Policies\Microsoft\Peernet,Disabled,
TEST123: 18.4.11.2 (L1) Ensure 'Prohibit installation and configuration of Network Bridge on your DNS domain network' is set to 'Enabled' (Scored),HKLM:\SOFTWARE\Policies\Microsoft\Windows\Network Connections,NC_AllowNetBridge_NLA,
TEST124: 18.4.11.3 (L1) Ensure 'Require domain users to elevate when setting a network's location' is set to 'Enabled' (Scored),HKLM:\SOFTWARE\Policies\Microsoft\Windows\Network Connections,NC_StdDomainUserSetLocation,
TEST125: 18.4.14.1 (L1) NETLOGON Ensure 'Hardened UNC Paths' is set to 'Enabled, with ""Require Mutual Authentication"" and ""Require Integrity"" set for all NETLOGON and SYSVOL shares' (Scored)",HKLM:\SOFTWARE\Policies\Microsoft\Windows\NetworkProvider\HardenedPaths,\\*\NETLOGON,
TEST126: 18.4.14.1 (L1) SYSVOL Ensure 'Hardened UNC Paths' is set to 'Enabled, with ""Require Mutual Authentication"" and ""Require Integrity"" set for all NETLOGON and SYSVOL shares' (Scored)",HKLM:\SOFTWARE\Policies\Microsoft\Windows\NetworkProvider\HardenedPaths,\\*\SYSVOL,
TEST127: 18.4.19.2.1 (L2) Disable IPv6 (Ensure TCPIP6 Parameter 'DisabledComponents' is set to '0xff (255)') (Scored),HKLM:\SYSTEM\CurrentControlSet\Services\TCPIP6\Parameters,DisabledComponents,
TEST128: 18.4.20.1 (L2) Ensure 'Configuration of wireless settings using Windows Connect Now' is set to 'Disabled' (Scored) - Registrars,HKLM:\SOFTWARE\Policies\Microsoft\Windows\WCN\Registrars,EnableRegistrars,
TEST129: 18.4.20.1 (L2) Ensure 'Configuration of wireless settings using Windows Connect Now' is set to 'Disabled' (Scored) - UPnPRegistrar,HKLM:\SOFTWARE\Policies\Microsoft\Windows\WCN\Registrars,DisableUPnPRegistrar,
TEST130: 18.4.20.1 (L2) Ensure 'Configuration of wireless settings using Windows Connect Now' is set to 'Disabled' (Scored) - Band802DOT11Registrar,HKLM:\SOFTWARE\Policies\Microsoft\Windows\WCN\Registrars,DisableInBand802DOT11Registrar,
TEST131: 18.4.20.1 (L2) Ensure 'Configuration of wireless settings using Windows Connect Now' is set to 'Disabled' (Scored) - FlashConfigRegistrar,HKLM:\SOFTWARE\Policies\Microsoft\Windows\WCN\Registrars,FlashConfigRegistrar,
TEST132: 18.4.20.1 (L2) Ensure 'Configuration of wireless settings using Windows Connect Now' is set to 'Disabled' (Scored) - WPDRegistrar,HKLM:\SOFTWARE\Policies\Microsoft\Windows\WCN\Registrars,DisableWPDRegistrar,
TEST133: 18.4.20.2 (L2) Ensure 'Prohibit access of the Windows Connect Now wizards' is set to 'Enabled' (Scored),HKLM:\SOFTWARE\Policies\Microsoft\Windows\WCN\UI,DisableWcnUi,
TEST134: 18.4.21.1 (L1) Ensure 'Minimize the number of simultaneous connections to the Internet or a Windows Domain' is set to 'Enabled' (Scored),HKLM:\SOFTWARE\Policies\Microsoft\Windows\WcmSvc\GroupPolicy,fMinimizeConnections,
TEST135: 18.4.21.2 (L2) Ensure 'Prohibit connection to non-domain networks when connected to domain authenticated network' is set to 'Enabled' (MS only) (Scored),HKLM:\SOFTWARE\Policies\Microsoft\Windows\WcmSvc\GroupPolicy,fBlockNonDomain,
TEST136: 18.6.1 (L1) Ensure 'Apply UAC restrictions to local accounts on network logons' is set to 'Enabled' (MS only) (Scored),HKLM:\SOFTWARE\Microsoft\Windows\CurrentVersion\Policies\System,LocalAccountTokenFilterPolicy,
TEST137: 18.6.2 (L1) Ensure 'WDigest Authentication' is set to 'Disabled' (Scored),HKLM:\SYSTEM\CurrentControlSet\Control\SecurityProviders\Wdigest,UseLogonCredential,
TEST138: 18.8.3.1 (L1) Ensure 'Include command line in process creation events' is set to 'Disabled' (Scored),HKLM:\SOFTWARE\Microsoft\Windows\CurrentVersion\Policies\System\Audit,ProcessCreationIncludeCmdLine_Enabled,
TEST139: 18.8.12.1 (L1) Ensure 'Boot-Start Driver Initialization Policy' is set to 'Enabled: Good, unknown and bad but critical' (Scored)",HKLM:\SYSTEM\CurrentControlSet\Policies\EarlyLaunch,DriverLoadPolicy,
TEST140:  18.8.19.2 (L1) Ensure 'Configure registry policy processing: Do not apply during periodic background processing' is set to 'Enabled: FALSE',HKLM:\SOFTWARE\Policies\Microsoft\Windows\Group Policy\{35378EAC-683F-11D2-A89A-00C04FBBCFA2},NoBackgroundPolicy,
TEST141: 18.8.19.3 (L1) Ensure 'Configure registry policy processing: Process even if the Group Policy objects have not changed' is set to 'Enabled: TRUE' (Scored),HKLM:\SOFTWARE\Policies\Microsoft\Windows\Group Policy\{35378EAC-683F-11D2-A89A-00C04FBBCFA2},NoGPOListChanges,
TEST142: 18.8.19.4 (L1) Ensure 'Turn off background refresh of Group Policy' is set to 'Disabled' (Scored),HKLM:\SOFTWARE\Microsoft\Windows\CurrentVersion\Policies\System,DisableBkGndGroupPolicy,
TEST143: 18.8.20.1.1 (L2) Ensure 'Turn off access to the Store' is set to 'Enabled' (Scored),HKLM:\SOFTWARE\Policies\Microsoft\Windows\Explorer,NoUseStoreOpenWith,
TEST144: 18.8.20.1.2 (L2) Ensure 'Turn off downloading of print drivers over HTTP' is set to 'Enabled' (Scored),HKLM:\SOFTWARE\Policies\Microsoft\Windows NT\Printers,DisableWebPnPDownload,
TEST145: 18.8.20.1.3 (L2) Ensure 'Turn off handwriting personalization data sharing' is set to 'Enabled' (Scored),HKLM:\SOFTWARE\Policies\Microsoft\Windows\TabletPC,PreventHandwritingDataSharing,
TEST146: 18.8.20.1.4 (L2) Ensure 'Turn off handwriting recognition error reporting' is set to 'Enabled' (Scored),HKLM:\SOFTWARE\Policies\Microsoft\Windows\HandwritingErrorReports,PreventHandwritingErrorReports,
TEST147: 18.8.20.1.5 (L2) Ensure 'Turn off Internet Connection Wizard if URL connection is referring to Microsoft.com' is set to 'Enabled' (Scored),HKLM:\SOFTWARE\Policies\Microsoft\Windows\Internet Connection Wizard,ExitOnMSICW,
TEST148: 18.8.20.1.6 (L2) Ensure 'Turn off Internet download for Web publishing and online ordering wizards' is set to 'Enabled' (Scored),HKLM:\SOFTWARE\Microsoft\Windows\CurrentVersion\Policies\Explorer,NoWebServices,
TEST149: 18.8.20.1.7 (L2) Ensure 'Turn off printing over HTTP' is set to 'Enabled' (Scored),HKLM:\SOFTWARE\Policies\Microsoft\Windows NT\Printers,DisableHTTPPrinting,
TEST150: 18.8.20.1.8 (L2) Ensure 'Turn off Registration if URL connection is referring to Microsoft.com' is set to 'Enabled' (Scored),HKLM:\SOFTWARE\Policies\Microsoft\Windows\Registration Wizard Control,NoRegistration,
TEST151: 18.8.20.1.9 (L2) Ensure 'Turn off Search Companion content file updates' is set to 'Enabled' (Scored),HKLM:\SOFTWARE\Policies\Microsoft\SearchCompanion,DisableContentFileUpdates,
TEST152: 18.8.20.1.10 (L2) Ensure 'Turn off the ""Order Prints"" picture task' is set to 'Enabled' (Scored)",HKLM:\SOFTWARE\Microsoft\Windows\CurrentVersion\Policies\Explorer,NoOnlinePrintsWizard,
TEST153: 18.8.20.1.11 (L2) Ensure 'Turn off the ""Publish to Web"" task for files and folders' is set to 'Enabled' (Scored)",HKLM:\SOFTWARE\Microsoft\Windows\CurrentVersion\Policies\Explorer,NoPublishingWizard,
TEST154: 18.8.20.1.12 (L2) Ensure 'Turn off the Windows Messenger Customer Experience Improvement Program' is set to 'Enabled' (Scored),HKLM:\SOFTWARE\Policies\Microsoft\Messenger\Client,CEIP,
TEST155: 18.8.20.1.13 (L2) Ensure 'Turn off Windows Customer Experience Improvement Program' is set to 'Enabled' (Scored),HKLM:\SOFTWARE\Policies\Microsoft\SQMClient\Windows,CEIPEnable,
TEST156: 18.8.20.1.14 (L2) Ensure 'Turn off Windows Error Reporting' is set to 'Enabled' (Scored),HKLM:\SOFTWARE\Policies\Microsoft\Windows\Windows Error Reporting,Disabled,
TEST157: 18.8.24.1 (L2) Ensure 'Disallow copying of user input methods to the system account for sign-in' is set to 'Enabled' (Scored),HKLM:\SOFTWARE\Policies\Microsoft\Control Panel\International,BlockUserInputMethodsForSignIn,
TEST158: 18.8.25.1 (L1) Ensure 'Do not display network selection UI' is set to 'Enabled' (Scored),HKLM:\SOFTWARE\Policies\Microsoft\Windows\System,DontDisplayNetworkSelectionUI,
TEST159: 18.8.25.2 (L1) Ensure 'Do not enumerate connected users on domain-joined computers' is set to 'Enabled' (Scored),HKLM:\SOFTWARE\Policies\Microsoft\Windows\System,DontEnumerateConnectedUsers,
TEST160: 18.8.25.3 (L1) Ensure 'Enumerate local users on domain-joined computers' is set to 'Disabled' (Scored),HKLM:\SOFTWARE\Policies\Microsoft\Windows\System,EnumerateLocalUsers,
TEST161: 18.8.25.4 (L1) Ensure 'Turn off app notifications on the lock screen' is set to 'Enabled' (Scored),HKLM:\SOFTWARE\Policies\Microsoft\Windows\System,DisableLockScreenAppNotifications,
TEST162: 18.8.25.5 (L1) Ensure 'Turn on convenience PIN sign-in' is set to 'Disabled' (Scored),HKLM:\SOFTWARE\Policies\Microsoft\Windows\System,AllowDomainPINLogon,
TEST163: 18.8.29.5.1 (L2) Ensure 'Require a password when a computer wakes (on battery)' is set to 'Enabled' (Scored),HKLM:\SOFTWARE\Policies\Microsoft\Power\PowerSettings\0e796bdb-100d-47d6-a2d5-f7d2daa51f51,DCSettingIndex,
TEST164: 18.8.29.5.2 (L2) Ensure 'Require a password when a computer wakes (plugged in)' is set to 'Enabled' (Scored),HKLM:\SOFTWARE\Policies\Microsoft\Power\PowerSettings\0e796bdb-100d-47d6-a2d5-f7d2daa51f51,ACSettingIndex,
TEST165: 18.8.31.1 (L1) Ensure 'Configure Offer Remote Assistance' is set to 'Disabled' (Scored),HKLM:\SOFTWARE\Policies\Microsoft\Windows NT\Terminal Services,:fAllowUnsolicited,
TEST166: 18.8.31.2 (L1) Ensure 'Configure Solicited Remote Assistance' is set to 'Disabled' (Scored),HKLM:\SOFTWARE\Policies\Microsoft\Windows NT\Terminal Services,:fAllowToGetHelp,
TEST167: 18.8.32.1 (L1) Ensure 'Enable RPC Endpoint Mapper Client Authentication' is set to 'Enabled' (MS only) (Scored),HKLM:\SOFTWARE\Policies\Microsoft\Windows NT\Rpc,EnableAuthEpResolution,
TEST168: 18.8.32.2 (L2) Ensure 'Restrict Unauthenticated RPC clients' is set to 'Enabled: Authenticated' (MS only) (Scored),HKLM:\SOFTWARE\Policies\Microsoft\Windows NT\Rpc,RestrictRemoteClients,
TEST169: 18.8.39.5.1 (L2) Ensure 'Microsoft Support Diagnostic Tool: Turn on MSDT interactive communication with support provider' is set to 'Disabled' (Scored),HKLM:\SOFTWARE\Policies\Microsoft\Windows\ScriptedDiagnosticsProvider\Policy,DisableQueryRemoteServer,
TEST170: 18.8.39.11.1 (L2) Ensure 'Enable/Disable PerfTrack' is set to 'Disabled' (Scored),HKLM:\SOFTWARE\Policies\Microsoft\Windows\WDI\{9c5a40da-b965-4fc3-8781-88dd50a6299d},ScenarioExecutionEnabled,
TEST171: 18.8.41.1 (L2) Ensure 'Turn off the advertising ID' is set to 'Enabled' (Scored),HKLM:\SOFTWARE\policies\Microsoft\Windows\AdvertisingInfo,DisabledByGroupPolicy,
TEST172: 18.8.44.1.1 (L2) Ensure 'Enable Windows NTP Client' is set to 'Enabled' (Scored),HKLM:\SOFTWARE\Policies\Microsoft\W32Time\TimeProviders\NtpClient,Enabled,
TEST173: 18.8.44.1.2 (L2) Ensure 'Enable Windows NTP Server' is set to 'Disabled' (MS only) (Scored),HKLM:\MACHINE\SOFTWARE\Policies\Microsoft\W32Time\TimeProviders\NtpServer,Enabled,
TEST174: 18.9.6.1 (L1) Ensure 'Allow Microsoft accounts to be optional' is set to 'Enabled' (Scored),HKLM:\SOFTWARE\Microsoft\Windows\CurrentVersion\Policies\System,MSAOptional,
TEST175: 18.9.8.1 (L1) Ensure 'Disallow Autoplay for non-volume devices' is set to 'Enabled' (Scored),HKLM:\SOFTWARE\Policies\Microsoft\Windows\Explorer,NoAutoplayfornonVolume,
TEST176: 18.9.8.2 (L1) Ensure 'Set the default behavior for AutoRun' is set to 'Enabled: Do not execute any autorun commands' (Scored),HKLM:\SOFTWARE\Microsoft\Windows\CurrentVersion\Policies\Explorer,NoAutorun,
TEST177: 18.9.8.3 (L1) Ensure 'Turn off Autoplay' is set to 'Enabled: All drives' (Scored),HKLM:\SOFTWARE\Microsoft\Windows\CurrentVersion\Policies\Explorer,NoDriveTypeAutoRun,
TEST178: 18.9.15.1 (L1) Ensure 'Do not display the password reveal button' is set to 'Enabled' (Scored),HKLM:\SOFTWARE\Policies\Microsoft\Windows\CredUI,DisablePasswordReveal,
TEST179: 18.9.15.2 (L1) Ensure 'Enumerate administrator accounts on elevation' is set to 'Disabled' (Scored),HKLM:\SOFTWARE\Microsoft\Windows\CurrentVersion\Policies\CredUI,EnumerateAdministrators,
TEST180: 18.9.24.2 (L1) Ensure 'Default Action and Mitigation Settings' is set to 'Enabled' (plus subsettings) (Scored) - ANTIDETOURS,HKLM:\SOFTWARE\Policies\Microsoft\EMET\SysSettings,AntiDetours,
TEST181: 18.9.24.2 (L1) Ensure 'Default Action and Mitigation Settings' is set to 'Enabled' (plus subsettings) (Scored) - BANNED FUNCTIONS,HKLM:\SOFTWARE\Policies\Microsoft\EMET\SysSettings,BannedFunctions,
TEST182: 18.9.24.2 (L1) Ensure 'Default Action and Mitigation Settings' is set to 'Enabled' (plus subsettings) (Scored) - DEEP HOCKS,HKLM:\SOFTWARE\Policies\Microsoft\EMET\SysSettings,DeepHooks,
TEST183: 18.9.24.2 (L1) Ensure 'Default Action and Mitigation Settings' is set to 'Enabled' (plus subsettings) (Scored) - EXPLOIT ACTION,HKLM:\SOFTWARE\Policies\Microsoft\EMET\SysSettings,ExploitAction,
TEST184: 18.9.24.3 (L1) Ensure 'Default Protections for Internet Explorer' is set to 'Enabled' (Scored),HKLM:\SOFTWARE\Policies\Microsoft\EMET\Defaults\IE,,
TEST185: 18.9.24.4 (L1) Ensure 'Default Protections for Popular Software' is set to 'Enabled' (Scored),HKLM:\SOFTWARE\Policies\Microsoft\EMET\Defaults,,
TEST186: 18.9.24.5 (L1) Ensure 'Default Protections for Recommended Software' is set to 'Enabled' (Scored),HKLM:\SOFTWARE\Policies\Microsoft\EMET\Defaults,,
TEST187: 18.9.24.6 (L1) Ensure 'System ASLR' is set to 'Enabled: Application Opt-In' (Scored),HKLM:\SOFTWARE\Policies\Microsoft\EMET\SysSettings,ASLR,
TEST188: 18.9.24.7 (L1) Ensure 'System DEP' is set to 'Enabled: Application Opt-Out' (Scored),HKLM:\SOFTWARE\Policies\Microsoft\EMET\SysSettings,DEP,
TEST189: 18.9.24.8 (L1) Ensure 'System SEHOP' is set to 'Enabled: Application Opt-Out' (Scored),HKLM:\SOFTWARE\Policies\Microsoft\EMET\SysSettings,SEHOP,
TEST190: 18.9.26.1.1 (L1) Ensure 'Application: Control Event Log behavior when the log file reaches its maximum size' is set to 'Disabled' (Scored),HKLM:\SOFTWARE\Policies\Microsoft\Windows\EventLog\Application,Retention,
TEST191: 18.9.26.1.2 (L1) Ensure 'Application: Specify the maximum log file size (KB)' is set to 'Enabled: 32,768 or greater' (Scored)",HKLM:\SOFTWARE\Policies\Microsoft\Windows\EventLog\Application,MaxSize,
TEST192: 18.9.26.2.1 (L1) Ensure 'Security: Control Event Log behavior when the log file reaches its maximum size' is set to 'Disabled' (Scored),HKLM:\SOFTWARE\Policies\Microsoft\Windows\EventLog\Security,Retention,
TEST193: 18.9.26.2.2 (L1) Ensure 'Security: Specify the maximum log file size (KB)' is set to 'Enabled: 196,608 or greater' (Scored)",HKLM:\SOFTWARE\Policies\Microsoft\Windows\EventLog\Security,MaxSize,
TEST194: 18.9.26.3.1 (L1) Ensure 'Setup: Control Event Log behavior when the log file reaches its maximum size' is set to 'Disabled' (Scored),HKLM:\SOFTWARE\Policies\Microsoft\Windows\EventLog\Setup,Retention,
TEST195: 18.9.26.3.2 (L1) Ensure 'Setup: Specify the maximum log file size (KB)' is set to 'Enabled: 32,768 or greater' (Scored)",HKLM:\SOFTWARE\Policies\Microsoft\Windows\EventLog\Setup,MaxSize,
TEST196: 18.9.26.4.1 (L1) Ensure 'System: Control Event Log behavior when the log file reaches its maximum size' is set to 'Disabled' (Scored),HKLM:\SOFTWARE\Policies\Microsoft\Windows\EventLog\System,Retention,
TEST197: 18.9.26.4.2 (L1) Ensure 'System: Specify the maximum log file size (KB)' is set to 'Enabled: 32,768 or greater' (Scored)",HKLM:\SOFTWARE\Policies\Microsoft\Windows\EventLog\System,MaxSize,
TEST198: 18.9.30.2 (L1) Ensure 'Configure Windows SmartScreen' is set to 'Enabled: Require approval from an administrator before running downloaded unknown software' (Scored),HKLM:\SOFTWARE\Policies\Microsoft\Windows\System,EnableSmartScreen,
TEST199: 18.9.30.3 (L1) Ensure 'Turn off Data Execution Prevention for Explorer' is set to 'Disabled' (Scored),HKLM:\SOFTWARE\Policies\Microsoft\Windows\Explorer,NoDataExecutionPrevention,
TEST200: 18.9.30.4 (L1) Ensure 'Turn off heap termination on corruption' is set to 'Disabled' (Scored),HKLM:\SOFTWARE\Policies\Microsoft\Windows\Explorer,NoHeapTerminationOnCorruption,
TEST201: 18.9.30.5 (L1) Ensure 'Turn off shell protocol protected mode' is set to 'Disabled' (Scored),HKLM:\SOFTWARE\Microsoft\Windows\CurrentVersion\Policies\Explorer,PreXPSP2ShellProtocolBehavior,
TEST202: 18.9.37.1 (L2) Ensure 'Turn off location' is set to 'Enabled' (Scored),HKLM:\SOFTWARE\Policies\Microsoft\Windows\LocationAndSensors,DisableLocation,
TEST203: 18.9.47.1 (L1) Ensure 'Prevent the usage of OneDrive for file storage' is set to 'Enabled' (Scored),HKLM:\SOFTWARE\Policies\Microsoft\Windows\OneDrive,DisableFileSyncNGSC,
TEST204: 18.9.47.2 (L1) Ensure 'Prevent the usage of OneDrive for file storage on Windows 8.1' is set to 'Enabled' (Scored),HKLM:\SOFTWARE\Policies\Microsoft\Windows\Skydrive,DisableFileSync,
TEST205: 18.9.52.2.2 (L1) Ensure 'Do not allow passwords to be saved' is set to 'Enabled' (Scored),HKLM:\SOFTWARE\Policies\Microsoft\Windows NT\Terminal Services,DisablePasswordSaving,
TEST206: 18.9.52.3.2.1 (L2) Ensure 'Restrict Remote Desktop Services users to a single Remote Desktop Services session' is set to 'Enabled' (Scored),HKLM:\SOFTWARE\Policies\Microsoft\Windows NT\Terminal Services,fSingleSessionPerUser,
TEST207: 18.9.52.3.3.1 (L2) Ensure 'Do not allow COM port redirection' is set to 'Enabled' (Scored),HKLM:\SOFTWARE\Policies\Microsoft\Windows NT\Terminal Services,fDisableCcm,
TEST208: 18.9.52.3.3.2 (L1) Ensure 'Do not allow drive redirection' is set to 'Enabled' (Scored),HKLM:\SOFTWARE\Policies\Microsoft\Windows NT\Terminal Services,fDisableCdm,
TEST209: 18.9.52.3.3.3 (L2) Ensure 'Do not allow LPT port redirection' is set to 'Enabled' (Scored),HKLM:\SOFTWARE\Policies\Microsoft\Windows NT\Terminal Services,fDisableLPT,
TEST210: 18.9.52.3.3.4 (L2) Ensure 'Do not allow supported Plug and Play device redirection' is set to 'Enabled' (Scored),HKLM:\SOFTWARE\Policies\Microsoft\Windows NT\Terminal Services,fDisablePNPRedir,
TEST211: 18.9.52.3.9.1 (L1) Ensure 'Always prompt for password upon connection' is set to 'Enabled' (Scored),HKLM:\SOFTWARE\Policies\Microsoft\Windows NT\Terminal Services,fPromptForPassword,
TEST212  18.9.52.3.9.2 (L1) Ensure 'Require secure RPC communication' is set to 'Enabled' (Scored),HKLM:\SOFTWARE\Policies\Microsoft\Windows NT\Terminal Services,fEncryptRPCTraffic,
TEST213: 18.9.52.3.9.3 (L1) Ensure 'Set client connection encryption level' is set to 'Enabled: High Level' (Scored),HKLM:\SOFTWARE\Policies\Microsoft\Windows NT\Terminal Services,MinEncryptionLevel,
TEST214: 18.9.52.3.10.1 (L2) Ensure 'Set time limit for active but idle Remote Desktop Services sessions' is set to 'Enabled: 15 minutes or less' (Scored),HKLM:\SOFTWARE\Policies\Microsoft\Windows NT\Terminal Services,MaxIdleTime,
TEST215: 18.9.52.3.10.2 (L2) Ensure 'Set time limit for disconnected sessions' is set to 'Enabled: 1 minute' (Scored),HKLM:\SOFTWARE\Policies\Microsoft\Windows NT\Terminal Services,MaxDisconnectionTime,
TEST216: 18.9.52.3.11.1 (L1) Ensure 'Do not delete temp folders upon exit' is set to 'Disabled' (Scored),HKLM:\SOFTWARE\Policies\Microsoft\Windows NT\Terminal Services,DeleteTempDirsOnExit,
TEST217: 18.9.52.3.11.2 (L1) Ensure 'Do not use temporary folders per session' is set to 'Disabled' (Scored),HKLM:\SOFTWARE\Policies\Microsoft\Windows NT\Terminal Services,PerSessionTempDir,
TEST218: 18.9.53.1 (L1) Ensure 'Prevent downloading of enclosures' is set to 'Enabled' (Scored),HKLM:\SOFTWARE\Policies\Microsoft\Internet Explorer\Feeds,DisableEnclosureDownload,
TEST219: 18.9.54.2 (L1) Ensure 'Allow indexing of encrypted files' is set to 'Disabled' (Scored),HKLM:\SOFTWARE\Policies\Microsoft\Windows\Windows Search,AllowIndexingEncryptedStoresOrItems,
TEST220: 18.9.54.3 (L2) Ensure 'Set what information is shared in Search' is set to 'Enabled: Anonymous info' (Scored),HKLM:\SOFTWARE\Policies\Microsoft\Windows\Windows Search,ConnectedSearchPrivacy,
TEST221: 18.9.59.1 (L2) Ensure 'Turn off KMS Client Online AVS Validation' is set to 'Enabled' (Scored),HKLM:\SOFTWARE\Policies\Microsoft\Windows NT\CurrentVersion\Software,Protection Platform:NoGenTicket,
TEST222: 18.9.61.1 (L1) Ensure 'Turn off Automatic Download and Install of updates' is set to 'Disabled' (Scored),HKLM:\SOFTWARE\Policies\Microsoft\WindowsStore,AutoDownload,
TEST223: 18.9.61.2 (L1) Ensure 'Turn off the offer to update to the latest version of Windows' is set to 'Enabled' (Scored),HKLM:\SOFTWARE\Policies\Microsoft\WindowsStore,DisableOSUpgrade,
TEST224: 18.9.61.3 (L2) Ensure 'Turn off the Store application' is set to 'Enabled' (Scored),HKLM:\SOFTWARE\Policies\Microsoft\WindowsStore,RemoveWindowsStore,
TEST225: 18.9.69.3.1 (L2) Ensure 'Join Microsoft MAPS' is set to 'Disabled' (Scored),HKLM:\SOFTWARE\Policies\Microsoft\Windows Defender\Spynet,SpynetReporting,
TEST226: 18.9.70.2.1 (L1) Ensure 'Configure Default consent' is set to 'Enabled: Always ask before sending data' (Scored),HKLM:\SOFTWARE\Policies\Microsoft\Windows\Windows Error Reporting\Consent,DefaultConsent,
TEST227: 18.9.70.3 (L1) Ensure 'Automatically send memory dumps for OS-generated error reports' is set to 'Disabled' (Scored),HKLM:\SOFTWARE\Policies\Microsoft\Windows\Windows Error Reporting,AutoApproveOSDumps,
TEST228: 18.9.74.1 (L1) Ensure 'Allow user control over installs' is set to 'Disabled' (Scored),HKLM:\SOFTWARE\Policies\Microsoft\Windows\Installer,EnableUserControl,
TEST229: 18.9.74.2 (L1) Ensure 'Always install with elevated privileges' is set to 'Disabled' (Scored),HKLM:\SOFTWARE\Policies\Microsoft\Windows\Installer,AlwaysInstallElevated,
TEST230: 18.9.74.3 (L2) Ensure 'Prevent Internet Explorer security prompt for Windows Installer scripts' is set to 'Disabled' (Scored),HKLM:\SOFTWARE\Policies\Microsoft\Windows\Installer,SafeForScripting,
TEST231: 18.9.75.1 (L1) Ensure 'Sign-in last interactive user automatically after a system-initiated restart' is set to 'Disabled' (Scored),HKLM:\SOFTWARE\Microsoft\Windows\CurrentVersion\Policies\System,DisableAutomaticRestartSignOn,
TEST232: 18.9.84.1 (L1) Ensure 'Turn on PowerShell Script Block Logging' is set to 'Disabled' (Scored),HKLM:\SOFTWARE\Policies\Microsoft\Windows\PowerShell\ScriptBlockLogging,EnableScriptBlockLogging,
TEST234: 18.9.84.2 (L1) Ensure 'Turn on PowerShell Transcription' is set to 'Disabled' (Scored),HKLM:\SOFTWARE\Policies\Microsoft\Windows\PowerShell\Transcription,EnableTranscripting,
TEST235: 18.9.86.1.1 (L1) Ensure 'Allow Basic authentication' is set to 'Disabled' (Scored),HKLM:\SOFTWARE\Policies\Microsoft\Windows\WinRM\Client,AllowBasic,
TEST236: 18.9.86.1.2 (L1) Ensure 'Allow unencrypted traffic' is set to 'Disabled' (Scored),HKLM:\SOFTWARE\Policies\Microsoft\Windows\WinRM\Client,AllowUnencryptedTraffic,
TEST237: 18.9.86.1.3 (L1) Ensure 'Disallow Digest authentication' is set to 'Enabled' (Scored),HKLM:\SOFTWARE\Policies\Microsoft\Windows\WinRM\Client,AllowDigest,
TEST238: 18.9.86.2.1 (L1) Ensure 'Allow Basic authentication' is set to 'Disabled' (Scored),HKLM:\SOFTWARE\Policies\Microsoft\Windows\WinRM\Service,AllowBasic,
TEST239: 18.9.86.2.2 (L2) Ensure 'Allow remote server management through WinRM' is set to 'Disabled' (Scored),HKLM:\SOFTWARE\Policies\Microsoft\Windows\WinRM\Service,AllowAutoConfig,
TEST240: 18.9.86.2.3 (L1) Ensure 'Allow unencrypted traffic' is set to 'Disabled' (Scored),HKLM:\SOFTWARE\Policies\Microsoft\Windows\WinRM\Service,AllowUnencryptedTraffic,
TEST241: 18.9.86.2.4 (L1) Ensure 'Disallow WinRM from storing RunAs credentials' is set to 'Enabled' (Scored),HKLM:\SOFTWARE\Policies\Microsoft\Windows\WinRM\Service,DisableRunAs,
TEST242: 18.9.87.1 (L2) Ensure 'Allow Remote Shell Access' is set to 'Disabled' (Scored),HKLM:\SOFTWARE\Policies\Microsoft\Windows\WinRM\Service\WinRS,AllowRemoteShellAccess,
TEST243: 18.9.90.2 (L1) Ensure 'Configure Automatic Updates' is set to 'Enabled' (Scored),HKLM:\SOFTWARE\Policies\Microsoft\Windows\WindowsUpdate\AU,NoAutoUpdate,
TEST244:  18.9.90.3 (L1) Ensure 'Configure Automatic Updates: Scheduled install day' is set to '0 - Every day' (Scored),HKLM:\SOFTWARE\Policies\Microsoft\Windows\WindowsUpdate\AU,ScheduledInstallDay,
TEST245: 18.9.90.4 (L1) Ensure 'No auto-restart with logged on users for scheduled automatic updates installations' is set to 'Disabled' (Scored),HKLM:\SOFTWARE\Policies\Microsoft\Windows\WindowsUpdate\AU,NoAutoRebootWithLoggedOnUsers,
YESY246: 19.1.3.1 (L1) Ensure 'Enable screen saver' is set to 'Enabled' (Scored),HKCU:\SOFTWARE\Policies\Microsoft\Windows\Control Panel\Desktop,ScreenSaveActive,
TEST247: 19.1.3.2 (L1) Ensure 'Force specific screen saver: Screen saver executable name' is set to 'Enabled: scrnsave.scr' (Scored),HKCU:\SOFTWARE\Policies\Microsoft\Windows\Control Panel\Desktop,SCRNSAVE.EXE,
TEST248: 19.1.3.3 (L1) Ensure 'Password protect the screen saver' is set to 'Enabled' (Scored),HKCU:\SOFTWARE\Policies\Microsoft\Windows\Control Panel\Desktop,ScreenSaverIsSecure,
TEST249: 19.1.3.4 (L1) Ensure 'Screen saver timeout' is set to 'Enabled: 900 seconds or fewer, but not 0' (Scored)",HKCU:\SOFTWARE\Policies\Microsoft\Windows\Control Panel\Desktop,ScreenSaveTimeOut,
TEST250: 19.5.1.1 (L1) Ensure 'Turn off toast notifications on the lock screen' is set to 'Enabled' (Scored),HKCU:\SOFTWARE\Policies\Microsoft\Windows\CurrentVersion\PushNotifications,NoToastApplicationNotificationOnLockScreen,
TEST251: 19.6.5.1.1 (L2) Ensure 'Turn off Help Experience Improvement Program' is set to 'Enabled' (Scored),HKCU:\SOFTWARE\Policies\Microsoft\Assistance\Client\1.0,NoImplicitFeedback,
TEST252: 19.7.4.1 (L1) Ensure 'Do not preserve zone information in file attachments' is set to 'Disabled' (Scored),HKCU:\SOFTWARE\Microsoft\Windows\CurrentVersion\Policies\Attachments,SaveZoneInformation,
TEST253: 19.7.4.2 (L1) Ensure 'Notify antivirus programs when opening attachments' is set to 'Enabled' (Scored),HKCU:\SOFTWARE\Microsoft\Windows\CurrentVersion\Policies\Attachments,ScanWithAntiVirus,
TEST254: 19.7.26.1 (L1) Ensure 'Prevent users from sharing files within their profile.' is set to 'Enabled' (Scored),HKCU:\SOFTWARE\Microsoft\Windows\CurrentVersion\Policies\Explorer,NoInplaceSharing,
TEST255: 19.7.39.1 (L1) Ensure 'Always install with elevated privileges' is set to 'Disabled' (Scored),HKCU:\SOFTWARE\Policies\Microsoft\Windows\Installer,AlwaysInstallElevated,
TEST256: 19.7.43.2.1 (L2) Ensure 'Prevent Codec Download' is set to 'Enabled' (Scored),HKCU:\SOFTWARE\Policies\Microsoft\WindowsMediaPlayer,PreventCodecDownload,
